Table_Headers,Start,End,Y_start,Y_end,Id
UPC,11.81,32.21,343.8131876,350,17
Description,67.32,124.97,343.8131876,350,17
Item Number,236.52,276.8,332.8131876,350,17
Qty.,307.51,328.35,343.8131876,350,17
Cost,357.84,379.95,343.8131876,350,17
DPC,410.9,431.47,343.8131876,350,17
Handling,437.9,482.97,343.8131876,350,17
Center Charge,501.77,538.21,332.8131876,350,17
Totals,566.42,597.23,343.8131876,350,17
